{
  "format_version": "1.8.0",
  "animations": {
    "animation.mono.walk": {
      "loop": true,
      "animation_length": 1.5,
      "bones": {
        "arm1": {
          "rotation": {
            "0.0": [
              0,
              2.5,
              0
            ],
            "0.3333": [
              29.835432872140828,
              2.5,
              0
            ],
            "0.7083": [
              20,
              2.5,
              0
            ],
            "1.0": [
              0,
              2.5,
              0
            ],
            "1.3333": [
              -35,
              2.5,
              0
            ]
          }
        },
        "arm2": {
          "rotation": {
            "0.0": [
              0,
              0,
              0
            ],
            "0.3333": [
              -34.5,
              0,
              0
            ],
            "0.7083": [
              -22.5,
              0,
              0
            ],
            "1.0": [
              0,
              0,
              0
            ],
            "1.3333": [
              32.5,
              0,
              0
            ]
          }
        },
        "leg1": {
          "rotation": {
            "0.0": [
              0,
              0,
              0
            ],
            "0.3333": [
              27,
              0,
              0
            ],
            "0.7083": [
              22.5,
              0,
              0
            ],
            "1.0": [
              0,
              0,
              0
            ],
            "1.3333": [
              -32.5,
              0,
              0
            ]
          }
        },
        "leg2": {
          "rotation": {
            "0.0": [
              0,
              0,
              0
            ],
            "0.3333": [
              -38.44,
              0,
              0
            ],
            "0.7083": [
              -32.5,
              0,
              0
            ],
            "1.0": [
              0.5399999999999991,
              0,
              0
            ],
            "1.3333": [
              30.54,
              0,
              0
            ]
          }
        }
      }
    },
    "animation.mono.death": {
      "animation_length": 0.5,
      "bones": {
        "body": {
          "rotation": {
            "0.0": [
              0,
              0,
              0
            ],
            "0.5": [
              0,
              0,
              90
            ]
          }
        }
      },
      "loop": "hold_on_last_frame"
    },
    "animation.mono.idle": {
      "loop": true
    },
    "animation.mono.look_at_target": {
      "loop": true,
      "bones": {
        "h_head": {
          "relative_to": {
            "rotation": "entity"
          },
          "rotation": [
            "query.target_x_rotation - this",
            "query.target_y_rotation - this",
            0.0
          ]
        }
      }
    }
  }
}