{"textures":{"0":"modelengine:entity/iron_golem15"},"elements":[{"from":[3.745,-5.005,5.995],"to":[7.755,9.505,10.005],"faces":{"east":{"uv":[6.9375,3.53125,7.1875,4.4375],"tintindex":0,"rotation":0,"texture":"#0"},"south":{"uv":[7.6875,3.53125,7.9375,4.4375],"tintindex":0,"rotation":0,"texture":"#0"},"north":{"uv":[7.1875,3.53125,7.4375,4.4375],"tintindex":0,"rotation":0,"texture":"#0"},"west":{"uv":[7.4375,3.53125,7.6875,4.4375],"tintindex":0,"rotation":0,"texture":"#0"},"up":{"uv":[7.4375,3.53125,7.1875,3.28125],"tintindex":0,"rotation":0,"texture":"#0"},"down":{"uv":[7.6875,3.28125,7.4375,3.53125],"tintindex":0,"rotation":0,"texture":"#0"}}}],"display":{"gui":{"rotation":[30,225,0]}}}