{"textures":{"0":"modelengine:entity/iron_golem15"},"elements":[{"from":[10.5,8.0,4.0],"to":[18.5,23.0,12.0],"faces":{"east":{"uv":[3.59375,12.53125,3.84375,13.0],"tintindex":0,"rotation":0,"texture":"#0"},"south":{"uv":[4.34375,12.53125,4.59375,13.0],"tintindex":0,"rotation":0,"texture":"#0"},"north":{"uv":[3.84375,12.53125,4.09375,13.0],"tintindex":0,"rotation":0,"texture":"#0"},"west":{"uv":[4.09375,12.53125,4.34375,13.0],"tintindex":0,"rotation":0,"texture":"#0"},"up":{"uv":[4.09375,12.53125,3.84375,12.28125],"tintindex":0,"rotation":0,"texture":"#0"},"down":{"uv":[4.34375,12.28125,4.09375,12.53125],"tintindex":0,"rotation":0,"texture":"#0"}}},{"from":[10.5,8.0,10.0],"to":[18.5,23.0,10.0],"faces":{"south":{"uv":[5.125,15.53125,5.375,16.0],"tintindex":0,"rotation":0,"texture":"#0"},"north":{"uv":[4.875,15.53125,5.125,16.0],"tintindex":0,"rotation":0,"texture":"#0"}}}],"display":{"gui":{"rotation":[30,225,0]}}}