{"textures":{"0":"modelengine:entity/iron_golem15"},"elements":[{"from":[8.245,-4.005,6.495],"to":[12.255,10.505,10.505],"faces":{"east":{"uv":[1.0625,3.28125,0.8125,4.1875],"tintindex":0,"rotation":0,"texture":"#0"},"south":{"uv":[1.3125,3.28125,1.0625,4.1875],"tintindex":0,"rotation":0,"texture":"#0"},"north":{"uv":[0.8125,3.28125,0.5625,4.1875],"tintindex":0,"rotation":0,"texture":"#0"},"west":{"uv":[0.5625,3.28125,0.3125,4.1875],"tintindex":0,"rotation":0,"texture":"#0"},"up":{"uv":[0.5625,3.28125,0.8125,3.03125],"tintindex":0,"rotation":0,"texture":"#0"},"down":{"uv":[0.8125,3.03125,1.0625,3.28125],"tintindex":0,"rotation":0,"texture":"#0"}}},{"from":[8.1,-4.1499996,6.35],"to":[12.4,10.65,10.65],"faces":{"east":{"uv":[3.46875,5.3125,3.21875,6.21875],"tintindex":0,"rotation":0,"texture":"#0"},"south":{"uv":[3.71875,5.3125,3.46875,6.21875],"tintindex":0,"rotation":0,"texture":"#0"},"north":{"uv":[3.21875,5.3125,2.96875,6.21875],"tintindex":0,"rotation":0,"texture":"#0"},"west":{"uv":[2.96875,5.3125,2.71875,6.21875],"tintindex":0,"rotation":0,"texture":"#0"},"up":{"uv":[2.96875,5.3125,3.21875,5.0625],"tintindex":0,"rotation":0,"texture":"#0"},"down":{"uv":[3.21875,5.0625,3.46875,5.3125],"tintindex":0,"rotation":0,"texture":"#0"}}}],"display":{"gui":{"rotation":[30,225,0]}}}