{"textures":{"0":"modelengine:entity/iron_golem15"},"elements":[{"from":[-5.5730743,-1.0730743,4.85],"to":[11.226925,12.226925,11.15],"faces":{"east":{"uv":[3.09375,4.03125,2.71875,4.84375],"tintindex":0,"rotation":0,"texture":"#0"},"south":{"uv":[4.125,4.03125,3.09375,4.84375],"tintindex":0,"rotation":0,"texture":"#0"},"north":{"uv":[2.71875,4.03125,1.6875,4.84375],"tintindex":0,"rotation":0,"texture":"#0"},"west":{"uv":[1.6875,4.03125,1.3125,4.84375],"tintindex":0,"rotation":0,"texture":"#0"},"up":{"uv":[1.6875,4.03125,2.71875,3.65625],"tintindex":0,"rotation":0,"texture":"#0"},"down":{"uv":[2.71875,3.65625,3.75,4.03125],"tintindex":0,"rotation":0,"texture":"#0"}}},{"from":[-5.9230747,8.576925,4.5],"to":[0.0769248,12.576925,11.5],"faces":{"east":{"uv":[5.59375,4.6875,5.15625,4.9375],"tintindex":0,"rotation":0,"texture":"#0"},"south":{"uv":[5.96875,4.6875,5.59375,4.9375],"tintindex":0,"rotation":0,"texture":"#0"},"north":{"uv":[5.15625,4.6875,4.78125,4.9375],"tintindex":0,"rotation":0,"texture":"#0"},"west":{"uv":[4.78125,4.6875,4.34375,4.9375],"tintindex":0,"rotation":0,"texture":"#0"},"up":{"uv":[4.78125,4.6875,5.15625,4.25],"tintindex":0,"rotation":0,"texture":"#0"},"down":{"uv":[5.15625,4.25,5.53125,4.6875],"tintindex":0,"rotation":0,"texture":"#0"}}}],"display":{"gui":{"rotation":[30,225,0]}}}