{"textures":{"0":"modelengine:entity/iron_golem15"},"elements":[{"from":[5.5,-5.0,5.0],"to":[11.5,11.0,10.0],"faces":{"east":{"uv":[15.3125,0.15625,15.46875,0.65625],"tintindex":0,"rotation":0,"texture":"#0"},"south":{"uv":[15.8125,0.15625,16.0,0.65625],"tintindex":0,"rotation":0,"texture":"#0"},"north":{"uv":[15.46875,0.15625,15.65625,0.65625],"tintindex":0,"rotation":0,"texture":"#0"},"west":{"uv":[15.65625,0.15625,15.8125,0.65625],"tintindex":0,"rotation":0,"texture":"#0"},"up":{"uv":[15.65625,0.15625,15.46875,0.0],"tintindex":0,"rotation":0,"texture":"#0"},"down":{"uv":[15.84375,0.0,15.65625,0.15625],"tintindex":0,"rotation":0,"texture":"#0"}}},{"from":[5.25,-5.25,4.75],"to":[11.75,11.25,10.25],"faces":{"east":{"uv":[12.75,0.15625,12.90625,0.65625],"tintindex":0,"rotation":0,"texture":"#0"},"south":{"uv":[13.25,0.15625,13.4375,0.65625],"tintindex":0,"rotation":0,"texture":"#0"},"north":{"uv":[12.90625,0.15625,13.09375,0.65625],"tintindex":0,"rotation":0,"texture":"#0"},"west":{"uv":[13.09375,0.15625,13.25,0.65625],"tintindex":0,"rotation":0,"texture":"#0"},"up":{"uv":[13.09375,0.15625,12.90625,0.0],"tintindex":0,"rotation":0,"texture":"#0"},"down":{"uv":[13.28125,0.0,13.09375,0.15625],"tintindex":0,"rotation":0,"texture":"#0"}}},{"from":[5.0,-5.0,5.0],"to":[11.0,3.0,11.0],"faces":{"east":{"uv":[14.4375,7.75,14.625,8.0],"tintindex":0,"rotation":0,"texture":"#0"},"south":{"uv":[15.0,7.75,15.1875,8.0],"tintindex":0,"rotation":0,"texture":"#0"},"north":{"uv":[14.625,7.75,14.8125,8.0],"tintindex":0,"rotation":0,"texture":"#0"},"west":{"uv":[14.8125,7.75,15.0,8.0],"tintindex":0,"rotation":0,"texture":"#0"},"up":{"uv":[14.8125,7.75,14.625,7.5625],"tintindex":0,"rotation":0,"texture":"#0"},"down":{"uv":[15.0,7.5625,14.8125,7.75],"tintindex":0,"rotation":0,"texture":"#0"}}}],"display":{"gui":{"rotation":[30,225,0]}}}