{"textures":{"0":"modelengine:entity/iron_golem17"},"elements":[{"from":[3.5,-2.0,3.0],"to":[13.5,9.0,13.0],"faces":{"east":{"uv":[0.9375,10.625,0.625,10.96875],"tintindex":0,"rotation":0,"texture":"#0"},"south":{"uv":[1.25,10.625,0.9375,10.96875],"tintindex":0,"rotation":0,"texture":"#0"},"north":{"uv":[0.625,10.625,0.3125,10.96875],"tintindex":0,"rotation":0,"texture":"#0"},"west":{"uv":[0.3125,10.625,0.0,10.96875],"tintindex":0,"rotation":0,"texture":"#0"},"up":{"uv":[0.3125,10.625,0.625,10.3125],"tintindex":0,"rotation":0,"texture":"#0"},"down":{"uv":[0.625,10.3125,0.9375,10.625],"tintindex":0,"rotation":0,"texture":"#0"}}},{"from":[3.5,-2.0,3.0],"to":[13.5,9.0,13.0],"faces":{"east":{"uv":[1.9375,10.0625,1.625,10.40625],"tintindex":0,"rotation":0,"texture":"#0"},"south":{"uv":[2.25,10.0625,1.9375,10.40625],"tintindex":0,"rotation":0,"texture":"#0"},"north":{"uv":[1.625,10.0625,1.3125,10.40625],"tintindex":0,"rotation":0,"texture":"#0"},"west":{"uv":[1.3125,10.0625,1.0,10.40625],"tintindex":0,"rotation":0,"texture":"#0"},"up":{"uv":[1.3125,10.0625,1.625,9.75],"tintindex":0,"rotation":0,"texture":"#0"},"down":{"uv":[1.625,9.75,1.9375,10.0625],"tintindex":0,"rotation":0,"texture":"#0"}}},{"from":[3.25,-2.25,2.75],"to":[13.75,9.25,13.25],"faces":{"east":{"uv":[4.1875,9.28125,3.875,9.625],"tintindex":0,"rotation":0,"texture":"#0"},"south":{"uv":[4.5,9.28125,4.1875,9.625],"tintindex":0,"rotation":0,"texture":"#0"},"north":{"uv":[3.875,9.28125,3.5625,9.625],"tintindex":0,"rotation":0,"texture":"#0"},"west":{"uv":[3.5625,9.28125,3.25,9.625],"tintindex":0,"rotation":0,"texture":"#0"},"up":{"uv":[3.5625,9.28125,3.875,8.96875],"tintindex":0,"rotation":0,"texture":"#0"},"down":{"uv":[3.875,8.96875,4.1875,9.28125],"tintindex":0,"rotation":0,"texture":"#0"}}}],"display":{"gui":{"rotation":[30,225,0]}}}