{"textures":{"0":"modelengine:entity/iron_golem17"},"elements":[{"from":[5.25,-5.25,4.75],"to":[11.75,11.25,10.25],"faces":{"east":{"uv":[12.0625,0.15625,12.21875,0.65625],"tintindex":0,"rotation":0,"texture":"#0"},"south":{"uv":[12.5625,0.15625,12.75,0.65625],"tintindex":0,"rotation":0,"texture":"#0"},"north":{"uv":[12.21875,0.15625,12.40625,0.65625],"tintindex":0,"rotation":0,"texture":"#0"},"west":{"uv":[12.40625,0.15625,12.5625,0.65625],"tintindex":0,"rotation":0,"texture":"#0"},"up":{"uv":[12.40625,0.15625,12.21875,0.0],"tintindex":0,"rotation":0,"texture":"#0"},"down":{"uv":[12.59375,0.0,12.40625,0.15625],"tintindex":0,"rotation":0,"texture":"#0"}}},{"from":[6.0,-5.0,5.0],"to":[12.0,3.0,11.0],"faces":{"east":{"uv":[14.4375,7.3125,14.625,7.5625],"tintindex":0,"rotation":0,"texture":"#0"},"south":{"uv":[15.0,7.3125,15.1875,7.5625],"tintindex":0,"rotation":0,"texture":"#0"},"north":{"uv":[14.625,7.3125,14.8125,7.5625],"tintindex":0,"rotation":0,"texture":"#0"},"west":{"uv":[14.8125,7.3125,15.0,7.5625],"tintindex":0,"rotation":0,"texture":"#0"},"up":{"uv":[14.8125,7.3125,14.625,7.125],"tintindex":0,"rotation":0,"texture":"#0"},"down":{"uv":[15.0,7.125,14.8125,7.3125],"tintindex":0,"rotation":0,"texture":"#0"}}},{"from":[7.5,-5.0,3.0],"to":[17.5,6.0,13.0],"faces":{"east":{"uv":[1.0,9.40625,1.3125,9.75],"tintindex":0,"rotation":0,"texture":"#0"},"south":{"uv":[1.9375,9.40625,2.25,9.75],"tintindex":0,"rotation":0,"texture":"#0"},"north":{"uv":[1.3125,9.40625,1.625,9.75],"tintindex":0,"rotation":0,"texture":"#0"},"west":{"uv":[1.625,9.40625,1.9375,9.75],"tintindex":0,"rotation":0,"texture":"#0"},"up":{"uv":[1.625,9.40625,1.3125,9.09375],"tintindex":0,"rotation":0,"texture":"#0"},"down":{"uv":[1.9375,9.09375,1.625,9.40625],"tintindex":0,"rotation":0,"texture":"#0"}}},{"from":[5.5,-5.0,5.0],"to":[11.5,11.0,10.0],"faces":{"east":{"uv":[14.59375,0.15625,14.75,0.65625],"tintindex":0,"rotation":0,"texture":"#0"},"south":{"uv":[15.09375,0.15625,15.28125,0.65625],"tintindex":0,"rotation":0,"texture":"#0"},"north":{"uv":[14.75,0.15625,14.9375,0.65625],"tintindex":0,"rotation":0,"texture":"#0"},"west":{"uv":[14.9375,0.15625,15.09375,0.65625],"tintindex":0,"rotation":0,"texture":"#0"},"up":{"uv":[14.9375,0.15625,14.75,0.0],"tintindex":0,"rotation":0,"texture":"#0"},"down":{"uv":[15.125,0.0,14.9375,0.15625],"tintindex":0,"rotation":0,"texture":"#0"}}}],"display":{"gui":{"rotation":[30,225,0]}}}